-- カードコードタイプ
INSERT INTO local.cardcodes(card_code, card_name, image_path, permission_type, return_type, is_deleted, created_at, updated_at, created_by, updated_by) VALUES ('cardCode1', 'カード名称', 'https://image_path.com', '1', '2', 'false', '2025-06-01 12:34:56', '2025-06-30 12:34:56', 'C001', 'U001');
INSERT INTO local.cardcodes(card_code, card_name, image_path, permission_type, return_type, is_deleted, created_at, updated_at, created_by, updated_by) VALUES ('cardCode2', 'カード名称', 'https://image_path.com', '1', '2', 'false', '2025-06-01 12:34:56', '2025-06-30 12:34:56', 'C002', 'U002');
INSERT INTO local.cardcodes(card_code, card_name, image_path, permission_type, return_type, is_deleted, created_at, updated_at, created_by, updated_by) VALUES ('cardCode3', 'カード名称', 'https://image_path.com', '1', '2', 'false', '2025-06-01 12:34:56', '2025-06-30 12:34:56', 'C003', 'U003');
INSERT INTO local.cardcodes(card_code, card_name, image_path, permission_type, return_type, is_deleted, created_at, updated_at, created_by, updated_by) VALUES ('cardCode4', 'カード名称', 'https://image_path.com', '1', '2', 'false', '2025-06-01 12:34:56', '2025-06-30 12:34:56', 'C004', 'U004');
INSERT INTO local.cardcodes(card_code, card_name, image_path, permission_type, return_type, is_deleted, created_at, updated_at, created_by, updated_by) VALUES ('cardCode5', 'カード名称', 'https://image_path.com', '1', '2', 'false', '2025-06-01 12:34:56', '2025-06-30 12:34:56', 'C005', 'U005');
INSERT INTO local.cardcodes(card_code, card_name, image_path, permission_type, return_type, is_deleted, created_at, updated_at, created_by, updated_by) VALUES ('cardCode6', 'カード名称', 'https://image_path.com', '1', '2', 'false', '2025-06-01 12:34:56', '2025-06-30 12:34:56', 'C006', 'U006');
INSERT INTO local.cardcodes(card_code, card_name, image_path, permission_type, return_type, is_deleted, created_at, updated_at, created_by, updated_by) VALUES ('cardCode7', 'カード名称', 'https://image_path.com', '1', '2', 'false', '2025-06-01 12:34:56', '2025-06-30 12:34:56', 'C007', 'U007');
INSERT INTO local.cardcodes(card_code, card_name, image_path, permission_type, return_type, is_deleted, created_at, updated_at, created_by, updated_by) VALUES ('cardCode8', 'カード名称', 'https://image_path.com', '1', '2', 'false', '2025-06-01 12:34:56', '2025-06-30 12:34:56', 'C008', 'U008');
INSERT INTO local.cardcodes(card_code, card_name, image_path, permission_type, return_type, is_deleted, created_at, updated_at, created_by, updated_by) VALUES ('cardCode9', 'カード名称', 'https://image_path.com', '1', '2', 'false', '2025-06-01 12:34:56', '2025-06-30 12:34:56', 'C009', 'U009');
INSERT INTO local.cardcodes(card_code, card_name, image_path, permission_type, return_type, is_deleted, created_at, updated_at, created_by, updated_by) VALUES ('cardCode10', 'カード名称', 'https://image_path.com', '1', '2', 'false', '2025-06-01 12:34:56', '2025-06-30 12:34:56', 'C010', 'U010');
INSERT INTO local.cardcodes(card_code, card_name, image_path, permission_type, return_type, is_deleted, created_at, updated_at, created_by, updated_by) VALUES ('cardCode11', 'カード名称', 'https://image_path.com', '1', '2', 'false', '2025-06-01 12:34:56', '2025-06-30 12:34:56', 'C011', 'U011');
INSERT INTO local.cardcodes(card_code, card_name, image_path, permission_type, return_type, is_deleted, created_at, updated_at, created_by, updated_by) VALUES ('cardCode12', 'カード名称', 'https://image_path.com', '1', '2', 'false', '2025-06-01 12:34:56', '2025-06-30 12:34:56', 'C012', 'U012');
INSERT INTO local.cardcodes(card_code, card_name, image_path, permission_type, return_type, is_deleted, created_at, updated_at, created_by, updated_by) VALUES ('cardCode13', 'カード名称', 'https://image_path.com', '1', '2', 'false', '2025-06-01 12:34:56', '2025-06-30 12:34:56', 'C013', 'U013');
INSERT INTO local.cardcodes(card_code, card_name, image_path, permission_type, return_type, is_deleted, created_at, updated_at, created_by, updated_by) VALUES ('cardCode14', 'カード名称', 'https://image_path.com', '1', '2', 'false', '2025-06-01 12:34:56', '2025-06-30 12:34:56', 'C014', 'U014');
INSERT INTO local.cardcodes(card_code, card_name, image_path, permission_type, return_type, is_deleted, created_at, updated_at, created_by, updated_by) VALUES ('cardCode15', 'カード名称', 'https://image_path.com', '1', '2', 'false', '2025-06-01 12:34:56', '2025-06-30 12:34:56', 'C015', 'U015');
INSERT INTO local.cardcodes(card_code, card_name, image_path, permission_type, return_type, is_deleted, created_at, updated_at, created_by, updated_by) VALUES ('cardCode16', 'カード名称', 'https://image_path.com', '1', '2', 'false', '2025-06-01 12:34:56', '2025-06-30 12:34:56', 'C016', 'U016');
INSERT INTO local.cardcodes(card_code, card_name, image_path, permission_type, return_type, is_deleted, created_at, updated_at, created_by, updated_by) VALUES ('cardCode17', 'カード名称', 'https://image_path.com', '1', '2', 'false', '2025-06-01 12:34:56', '2025-06-30 12:34:56', 'C017', 'U017');
INSERT INTO local.cardcodes(card_code, card_name, image_path, permission_type, return_type, is_deleted, created_at, updated_at, created_by, updated_by) VALUES ('cardCode18', 'カード名称', 'https://image_path.com', '1', '2', 'false', '2025-06-01 12:34:56', '2025-06-30 12:34:56', 'C018', 'U018');
-- 会員マスタ
INSERT INTO local.members(member_id, gid, card_code, is_deleted, created_at, updated_at, created_by, updated_by) VALUES ('memberId1', 'gid1', 'cardCode1', 'false', '2025-06-01 12:34:56', '2025-06-30 12:34:56', 'C001', 'U001');
INSERT INTO local.members(member_id, gid, card_code, is_deleted, created_at, updated_at, created_by, updated_by) VALUES ('memberId2', 'gid1', 'cardCode2', 'false', '2025-06-01 12:34:56', '2025-06-30 12:34:56', 'C002', 'U002');
INSERT INTO local.members(member_id, gid, card_code, is_deleted, created_at, updated_at, created_by, updated_by) VALUES ('memberId3', 'gid1', 'cardCode3', 'false', '2025-06-01 12:34:56', '2025-06-30 12:34:56', 'C003', 'U003');
INSERT INTO local.members(member_id, gid, card_code, is_deleted, created_at, updated_at, created_by, updated_by) VALUES ('memberId4', 'gid1', 'cardCode4', 'false', '2025-06-01 12:34:56', '2025-06-30 12:34:56', 'C004', 'U004');
INSERT INTO local.members(member_id, gid, card_code, is_deleted, created_at, updated_at, created_by, updated_by) VALUES ('memberId5', 'gid1', 'cardCode5', 'false', '2025-06-01 12:34:56', '2025-06-30 12:34:56', 'C005', 'U005');
INSERT INTO local.members(member_id, gid, card_code, is_deleted, created_at, updated_at, created_by, updated_by) VALUES ('memberId6', 'gid1', 'cardCode6', 'false', '2025-06-01 12:34:56', '2025-06-30 12:34:56', 'C006', 'U006');
INSERT INTO local.members(member_id, gid, card_code, is_deleted, created_at, updated_at, created_by, updated_by) VALUES ('memberId7', 'gid1', 'cardCode7', 'false', '2025-06-01 12:34:56', '2025-06-30 12:34:56', 'C007', 'U007');
INSERT INTO local.members(member_id, gid, card_code, is_deleted, created_at, updated_at, created_by, updated_by) VALUES ('memberId8', 'gid1', 'cardCode8', 'false', '2025-06-01 12:34:56', '2025-06-30 12:34:56', 'C008', 'U008');
INSERT INTO local.members(member_id, gid, card_code, is_deleted, created_at, updated_at, created_by, updated_by) VALUES ('memberId9', 'gid1', 'cardCode9', 'false', '2025-06-01 12:34:56', '2025-06-30 12:34:56', 'C009', 'U009');
INSERT INTO local.members(member_id, gid, card_code, is_deleted, created_at, updated_at, created_by, updated_by) VALUES ('memberId10', 'gid1', 'cardCode10', 'false', '2025-06-01 12:34:56', '2025-06-30 12:34:56', 'C010', 'U010');
INSERT INTO local.members(member_id, gid, card_code, is_deleted, created_at, updated_at, created_by, updated_by) VALUES ('memberId11', 'gid1', 'cardCode11', 'false', '2025-06-01 12:34:56', '2025-06-30 12:34:56', 'C011', 'U011');
INSERT INTO local.members(member_id, gid, card_code, is_deleted, created_at, updated_at, created_by, updated_by) VALUES ('memberId12', 'gid1', 'cardCode12', 'false', '2025-06-01 12:34:56', '2025-06-30 12:34:56', 'C012', 'U012');
INSERT INTO local.members(member_id, gid, card_code, is_deleted, created_at, updated_at, created_by, updated_by) VALUES ('memberId13', 'gid1', 'cardCode13', 'false', '2025-06-01 12:34:56', '2025-06-30 12:34:56', 'C013', 'U013');
INSERT INTO local.members(member_id, gid, card_code, is_deleted, created_at, updated_at, created_by, updated_by) VALUES ('memberId14', 'gid1', 'cardCode14', 'false', '2025-06-01 12:34:56', '2025-06-30 12:34:56', 'C014', 'U014');
INSERT INTO local.members(member_id, gid, card_code, is_deleted, created_at, updated_at, created_by, updated_by) VALUES ('memberId15', 'gid1', 'cardCode15', 'false', '2025-06-01 12:34:56', '2025-06-30 12:34:56', 'C015', 'U015');
INSERT INTO local.members(member_id, gid, card_code, is_deleted, created_at, updated_at, created_by, updated_by) VALUES ('memberId16', 'gid1', 'cardCode16', 'false', '2025-06-01 12:34:56', '2025-06-30 12:34:56', 'C016', 'U016');
INSERT INTO local.members(member_id, gid, card_code, is_deleted, created_at, updated_at, created_by, updated_by) VALUES ('memberId17', 'gid1', 'cardCode17', 'false', '2025-06-01 12:34:56', '2025-06-30 12:34:56', 'C017', 'U017');
INSERT INTO local.members(member_id, gid, card_code, is_deleted, created_at, updated_at, created_by, updated_by) VALUES ('memberId18', 'gid1', 'cardCode18', 'false', '2025-06-01 12:34:56', '2025-06-30 12:34:56', 'C018', 'U018');
-- 会員同意情報
INSERT INTO local.user_agreements(id, member_id, document_type, major_version, minor_version, is_agreed, created_at, created_by) VALUES ('1', 'memberId1', '1', '1', '1', 'true', '2025-01-10 18:19:20', 'C001');
INSERT INTO local.user_agreements(id, member_id, document_type, major_version, minor_version, is_agreed, created_at, created_by) VALUES ('2', 'memberId2', '2', '1', '2', 'false', '2025-02-10 18:19:20', 'C002');
INSERT INTO local.user_agreements(id, member_id, document_type, major_version, minor_version, is_agreed, created_at, created_by) VALUES ('3', 'memberId3', '1', '1', '3', 'true', '2025-03-10 18:19:20', 'C003');
INSERT INTO local.user_agreements(id, member_id, document_type, major_version, minor_version, is_agreed, created_at, created_by) VALUES ('4', 'memberId4', '2', '1', '4', 'false', '2025-04-10 18:19:20', 'C004');
INSERT INTO local.user_agreements(id, member_id, document_type, major_version, minor_version, is_agreed, created_at, created_by) VALUES ('5', 'memberId5', '1', '1', '5', 'true', '2025-05-10 18:19:20', 'C005');
INSERT INTO local.user_agreements(id, member_id, document_type, major_version, minor_version, is_agreed, created_at, created_by) VALUES ('6', 'memberId6', '2', '1', '6', 'false', '2025-06-10 18:19:20', 'C006');
INSERT INTO local.user_agreements(id, member_id, document_type, major_version, minor_version, is_agreed, created_at, created_by) VALUES ('7', 'memberId7', '1', '1', '7', 'true', '2025-07-10 18:19:20', 'C007');
INSERT INTO local.user_agreements(id, member_id, document_type, major_version, minor_version, is_agreed, created_at, created_by) VALUES ('8', 'memberId8', '2', '1', '8', 'false', '2025-08-10 18:19:20', 'C008');
INSERT INTO local.user_agreements(id, member_id, document_type, major_version, minor_version, is_agreed, created_at, created_by) VALUES ('9', 'memberId9', '1', '1', '9', 'true', '2025-09-10 18:19:20', 'C009');
INSERT INTO local.user_agreements(id, member_id, document_type, major_version, minor_version, is_agreed, created_at, created_by) VALUES ('10', 'memberId10', '2', '1', '10', 'false', '2025-10-10 18:19:20', 'C010');
INSERT INTO local.user_agreements(id, member_id, document_type, major_version, minor_version, is_agreed, created_at, created_by) VALUES ('11', 'memberId11', '1', '1', '11', 'true', '2025-11-10 18:19:20', 'C011');
INSERT INTO local.user_agreements(id, member_id, document_type, major_version, minor_version, is_agreed, created_at, created_by) VALUES ('12', 'memberId12', '2', '1', '12', 'false', '2025-12-10 18:19:20', 'C012');
INSERT INTO local.user_agreements(id, member_id, document_type, major_version, minor_version, is_agreed, created_at, created_by) VALUES ('13', 'memberId13', '1', '2', '1', 'true', '2025-10-10 17:59:59', 'C013');
INSERT INTO local.user_agreements(id, member_id, document_type, major_version, minor_version, is_agreed, created_at, created_by) VALUES ('14', 'memberId14', '2', '3', '1', 'false', '2025-10-10 18:00:00', 'C014');
INSERT INTO local.user_agreements(id, member_id, document_type, major_version, minor_version, is_agreed, created_at, created_by) VALUES ('15', 'memberId15', '1', '4', '1', 'true', '2025-10-10 18:00:01', 'C015');
INSERT INTO local.user_agreements(id, member_id, document_type, major_version, minor_version, is_agreed, created_at, created_by) VALUES ('16', 'memberId16', '2', '5', '1', 'false', '2025-10-11 17:59:59', 'C016');
INSERT INTO local.user_agreements(id, member_id, document_type, major_version, minor_version, is_agreed, created_at, created_by) VALUES ('17', 'memberId17', '1', '6', '1', 'true', '2025-10-11 18:00:00', 'C017');
INSERT INTO local.user_agreements(id, member_id, document_type, major_version, minor_version, is_agreed, created_at, created_by) VALUES ('18', 'memberId18', '2', '7', '1', 'false', '2025-10-11 18:00:01', 'C018');
