-- カードコードタイプ
INSERT INTO local.cardcodes(card_code, card_name, image_path, permission_type, return_type, is_deleted, created_at, updated_at, created_by, updated_by) VALUES ('cardCode1', 'カード名称', 'https://image_path.com', '1', '2', 'false', '2025-06-01 12:34:56', '2025-06-30 12:34:56', 'C001', 'U001');
INSERT INTO local.cardcodes(card_code, card_name, image_path, permission_type, return_type, is_deleted, created_at, updated_at, created_by, updated_by) VALUES ('cardCode2', 'カード名称', 'https://image_path.com', '1', '2', 'false', '2025-06-01 12:34:56', '2025-06-30 12:34:56', 'C002', 'U002');
INSERT INTO local.cardcodes(card_code, card_name, image_path, permission_type, return_type, is_deleted, created_at, updated_at, created_by, updated_by) VALUES ('cardCode3', 'カード名称', 'https://image_path.com', '1', '2', 'false', '2025-06-01 12:34:56', '2025-06-30 12:34:56', 'C003', 'U003');
-- ブランドマスタ
INSERT INTO local.brands(brand_id, merchant_id, brand_name, brand_katakana, brand_text, brand_category_id, icon_path, start_date, end_date, is_vpointup_program_target, sort_order, priority_display_flg, no_display_flg, is_deleted, created_at, updated_at, created_by, updated_by) VALUES ('brandId1', 'merchantId1', 'ブランド名', 'ブランドメイ', 'ブランド説明文', '001', 'https://icon_path.com', '2025-06-01 12:00:00', '2025-06-30 12:00:00', 'true', '1', '2', 'true', 'false', '2025-06-01 12:34:56', '2025-06-30 12:34:56', 'C001', 'U001');
INSERT INTO local.brands(brand_id, merchant_id, brand_name, brand_katakana, brand_text, brand_category_id, icon_path, start_date, end_date, is_vpointup_program_target, sort_order, priority_display_flg, no_display_flg, is_deleted, created_at, updated_at, created_by, updated_by) VALUES ('brandId2', 'merchantId1', 'ブランド名', 'ブランドメイ', 'ブランド説明文', '001', 'https://icon_path.com', '2025-06-01 12:00:00', '2025-06-30 12:00:00', 'true', '1', '2', 'true', 'false', '2025-06-01 12:34:56', '2025-06-30 12:34:56', 'C002', 'U002');
INSERT INTO local.brands(brand_id, merchant_id, brand_name, brand_katakana, brand_text, brand_category_id, icon_path, start_date, end_date, is_vpointup_program_target, sort_order, priority_display_flg, no_display_flg, is_deleted, created_at, updated_at, created_by, updated_by) VALUES ('brandId3', 'merchantId1', 'ブランド名', 'ブランドメイ', 'ブランド説明文', '001', 'https://icon_path.com', '2025-06-01 12:00:00', '2025-06-30 12:00:00', 'true', '1', '2', 'true', 'false', '2025-06-01 12:34:56', '2025-06-30 12:34:56', 'C003', 'U003');
-- 会員マスタ
INSERT INTO local.members(member_id, gid, card_code, is_deleted, created_at, updated_at, created_by, updated_by) VALUES ('memberId1', 'gid1', 'cardCode1', 'false', '2025-06-01 12:34:56', '2025-06-30 12:34:56', 'C001', 'U001');
INSERT INTO local.members(member_id, gid, card_code, is_deleted, created_at, updated_at, created_by, updated_by) VALUES ('memberId2', 'gid1', 'cardCode2', 'false', '2025-06-01 12:34:56', '2025-06-30 12:34:56', 'C002', 'U002');
INSERT INTO local.members(member_id, gid, card_code, is_deleted, created_at, updated_at, created_by, updated_by) VALUES ('memberId3', 'gid1', 'cardCode3', 'false', '2025-06-01 12:34:56', '2025-06-30 12:34:56', 'C003', 'U003');
-- お気に入りブランド
INSERT INTO local.favorite_brands(id, member_id, brand_id, is_fav, start_at, is_deleted, created_at, updated_at, created_by, updated_by) VALUES ('1', 'memberId1', 'brandId1', 'false', '2025-01-01 13:00:00', 'true', '2025-01-01 12:34:56', '2025-01-15 09:10:11', 'C001', 'U001');
INSERT INTO local.favorite_brands(id, member_id, brand_id, is_fav, start_at, is_deleted, created_at, updated_at, created_by, updated_by) VALUES ('2', 'memberId1', 'brandId2', 'true', '2025-02-01 13:00:00', 'false', '2025-02-01 12:34:56', '2025-02-15 09:10:11', 'C002', 'U002');
INSERT INTO local.favorite_brands(id, member_id, brand_id, is_fav, start_at, is_deleted, created_at, updated_at, created_by, updated_by) VALUES ('3', 'memberId1', 'brandId3', 'false', '2025-03-01 13:00:00', 'true', '2025-03-01 12:34:56', '2025-03-15 09:10:11', 'C003', 'U003');
INSERT INTO local.favorite_brands(id, member_id, brand_id, is_fav, start_at, is_deleted, created_at, updated_at, created_by, updated_by) VALUES ('4', 'memberId1', 'brandId1', 'true', '2025-04-01 13:00:00', 'false', '2025-04-01 12:34:56', '2025-04-15 09:10:11', 'C004', 'U004');
INSERT INTO local.favorite_brands(id, member_id, brand_id, is_fav, start_at, is_deleted, created_at, updated_at, created_by, updated_by) VALUES ('5', 'memberId1', 'brandId2', 'false', '2025-05-01 13:00:00', 'true', '2025-05-01 12:34:56', '2025-05-15 09:10:11', 'C005', 'U005');
INSERT INTO local.favorite_brands(id, member_id, brand_id, is_fav, start_at, is_deleted, created_at, updated_at, created_by, updated_by) VALUES ('6', 'memberId1', 'brandId3', 'true', '2025-06-01 13:00:00', 'false', '2025-06-01 12:34:56', '2025-06-15 09:10:11', 'C006', 'U006');
INSERT INTO local.favorite_brands(id, member_id, brand_id, is_fav, start_at, is_deleted, created_at, updated_at, created_by, updated_by) VALUES ('7', 'memberId1', 'brandId1', 'false', '2025-07-01 13:00:00', 'true', '2025-07-01 12:34:56', '2025-07-15 09:10:11', 'C007', 'U007');
INSERT INTO local.favorite_brands(id, member_id, brand_id, is_fav, start_at, is_deleted, created_at, updated_at, created_by, updated_by) VALUES ('8', 'memberId1', 'brandId2', 'true', '2025-08-01 13:00:00', 'false', '2025-08-01 12:34:56', '2025-08-15 09:10:11', 'C008', 'U008');
INSERT INTO local.favorite_brands(id, member_id, brand_id, is_fav, start_at, is_deleted, created_at, updated_at, created_by, updated_by) VALUES ('9', 'memberId1', 'brandId3', 'false', '2025-09-01 13:00:00', 'true', '2025-09-01 12:34:56', '2025-09-15 09:10:11', 'C009', 'U009');
INSERT INTO local.favorite_brands(id, member_id, brand_id, is_fav, start_at, is_deleted, created_at, updated_at, created_by, updated_by) VALUES ('10', 'memberId1', 'brandId1', 'true', '2025-10-01 13:00:00', 'false', '2025-10-01 12:34:56', '2025-10-15 09:10:11', 'C010', 'U010');
INSERT INTO local.favorite_brands(id, member_id, brand_id, is_fav, start_at, is_deleted, created_at, updated_at, created_by, updated_by) VALUES ('11', 'memberId1', 'brandId2', 'false', '2025-11-01 13:00:00', 'true', '2025-11-01 12:34:56', '2025-11-15 09:10:11', 'C011', 'U011');
INSERT INTO local.favorite_brands(id, member_id, brand_id, is_fav, start_at, is_deleted, created_at, updated_at, created_by, updated_by) VALUES ('12', 'memberId1', 'brandId3', 'true', '2025-12-01 13:00:00', 'false', '2025-12-01 12:34:56', '2025-12-15 09:10:11', 'C012', 'U012');
INSERT INTO local.favorite_brands(id, member_id, brand_id, is_fav, start_at, is_deleted, created_at, updated_at, created_by, updated_by) VALUES ('13', 'memberId2', 'brandId1', 'false', '2025-08-08 08:59:59', 'true', '2025-08-05 08:59:59', '2025-08-10 08:59:59', 'C013', 'U013');
INSERT INTO local.favorite_brands(id, member_id, brand_id, is_fav, start_at, is_deleted, created_at, updated_at, created_by, updated_by) VALUES ('14', 'memberId2', 'brandId2', 'true', '2025-08-08 09:00:00', 'false', '2025-08-05 09:00:00', '2025-08-10 09:00:00', 'C014', 'U014');
INSERT INTO local.favorite_brands(id, member_id, brand_id, is_fav, start_at, is_deleted, created_at, updated_at, created_by, updated_by) VALUES ('15', 'memberId2', 'brandId3', 'false', '2025-08-08 09:00:01', 'true', '2025-08-05 09:00:01', '2025-08-10 09:00:01', 'C015', 'U015');
INSERT INTO local.favorite_brands(id, member_id, brand_id, is_fav, start_at, is_deleted, created_at, updated_at, created_by, updated_by) VALUES ('16', 'memberId3', 'brandId1', 'true', '2025-08-18 08:59:59', 'false', '2025-08-15 08:59:59', '2025-08-20 08:59:59', 'C016', 'U016');
INSERT INTO local.favorite_brands(id, member_id, brand_id, is_fav, start_at, is_deleted, created_at, updated_at, created_by, updated_by) VALUES ('17', 'memberId3', 'brandId2', 'false', '2025-08-18 09:00:00', 'true', '2025-08-15 09:00:00', '2025-08-20 09:00:00', 'C017', 'U017');
INSERT INTO local.favorite_brands(id, member_id, brand_id, is_fav, start_at, is_deleted, created_at, updated_at, created_by, updated_by) VALUES ('18', 'memberId3', 'brandId3', 'true', '2025-08-18 09:00:01', 'false', '2025-08-15 09:00:01', '2025-08-20 09:00:01', 'C018', 'U018');
