-- カードコードタイプ
INSERT INTO local.cardcodes(card_code, card_name, image_path, permission_type, return_type, is_deleted, created_at, updated_at, created_by, updated_by) VALUES ('cardCode1', 'カード名称', 'https://image_path.com', '1', '2', 'false', '2025-06-01 12:34:56', '2025-06-30 12:34:56', 'C001', 'U001');
INSERT INTO local.cardcodes(card_code, card_name, image_path, permission_type, return_type, is_deleted, created_at, updated_at, created_by, updated_by) VALUES ('cardCode2', 'カード名称', 'https://image_path.com', '1', '2', 'false', '2025-06-01 12:34:56', '2025-06-30 12:34:56', 'C002', 'U002');
INSERT INTO local.cardcodes(card_code, card_name, image_path, permission_type, return_type, is_deleted, created_at, updated_at, created_by, updated_by) VALUES ('cardCode3', 'カード名称', 'https://image_path.com', '1', '2', 'false', '2025-06-01 12:34:56', '2025-06-30 12:34:56', 'C003', 'U003');
-- ブランドマスタ
INSERT INTO local.brands(brand_id, merchant_id, brand_name, brand_katakana, brand_text, brand_category_id, icon_path, start_date, end_date, is_vpointup_program_target, sort_order, priority_display_flg, no_display_flg, is_deleted, created_at, updated_at, created_by, updated_by) VALUES ('brandId1', 'merchantId1', 'ブランド名', 'ブランドメイ', 'ブランド説明文', '001', 'https://icon_path.com', '2025-06-01 12:00:00', '2025-06-30 12:00:00', 'true', '1', '2', 'true', 'false', '2025-06-01 12:34:56', '2025-06-30 12:34:56', 'C001', 'U001');
INSERT INTO local.brands(brand_id, merchant_id, brand_name, brand_katakana, brand_text, brand_category_id, icon_path, start_date, end_date, is_vpointup_program_target, sort_order, priority_display_flg, no_display_flg, is_deleted, created_at, updated_at, created_by, updated_by) VALUES ('brandId2', 'merchantId1', 'ブランド名', 'ブランドメイ', 'ブランド説明文', '001', 'https://icon_path.com', '2025-06-01 12:00:00', '2025-06-30 12:00:00', 'true', '1', '2', 'true', 'false', '2025-06-01 12:34:56', '2025-06-30 12:34:56', 'C002', 'U002');
INSERT INTO local.brands(brand_id, merchant_id, brand_name, brand_katakana, brand_text, brand_category_id, icon_path, start_date, end_date, is_vpointup_program_target, sort_order, priority_display_flg, no_display_flg, is_deleted, created_at, updated_at, created_by, updated_by) VALUES ('brandId3', 'merchantId1', 'ブランド名', 'ブランドメイ', 'ブランド説明文', '001', 'https://icon_path.com', '2025-06-01 12:00:00', '2025-06-30 12:00:00', 'true', '1', '2', 'true', 'false', '2025-06-01 12:34:56', '2025-06-30 12:34:56', 'C003', 'U003');
-- 会員マスタ
INSERT INTO local.members(member_id, gid, card_code, is_deleted, created_at, updated_at, created_by, updated_by) VALUES ('memberId1', 'gid1', 'cardCode1', 'false', '2025-06-01 12:34:56', '2025-06-30 12:34:56', 'C001', 'U001');
INSERT INTO local.members(member_id, gid, card_code, is_deleted, created_at, updated_at, created_by, updated_by) VALUES ('memberId2', 'gid1', 'cardCode2', 'false', '2025-06-01 12:34:56', '2025-06-30 12:34:56', 'C002', 'U002');
INSERT INTO local.members(member_id, gid, card_code, is_deleted, created_at, updated_at, created_by, updated_by) VALUES ('memberId3', 'gid1', 'cardCode3', 'false', '2025-06-01 12:34:56', '2025-06-30 12:34:56', 'C003', 'U003');
-- クーポンマスタ
INSERT INTO local.coupons(coupon_id, brand_id, group_id, coupon_name, content_type, coupon_type, label_text, situation, is_max, privilege_type, plivilege_point, funding_rate, commission_rate, description, threshold_price, privilege_limit, times_limit, shops, conditions_text, privilege_season, start_date, end_date, validity_start_date, validity_end_date, payment_method, pum_outer_url, other_text, is_deleted, created_at, updated_at, created_by, updated_by) VALUES ('couponId1', 'brandId1', 'groupId1', 'クーポン名', '01', '02', 'キャンペーン中', '001', 'true', '2', '1000', '0.05', '0.1', 'クーポン説明', '1000', '10000', '3', '対象店舗', '付与条件', '付与時期', '2025-06-01 09:00:00', '2025-06-30 09:00:00', '2025-06-01 18:00:00', '2025-06-30 18:00:00', 'Visa', 'https://pum_outer.com', 'その他', 'false', '2025-06-01 12:34:56', '2025-06-30 12:34:56', 'C001', 'U001');
INSERT INTO local.coupons(coupon_id, brand_id, group_id, coupon_name, content_type, coupon_type, label_text, situation, is_max, privilege_type, plivilege_point, funding_rate, commission_rate, description, threshold_price, privilege_limit, times_limit, shops, conditions_text, privilege_season, start_date, end_date, validity_start_date, validity_end_date, payment_method, pum_outer_url, other_text, is_deleted, created_at, updated_at, created_by, updated_by) VALUES ('couponId2', 'brandId2', 'groupId1', 'クーポン名', '01', '02', 'キャンペーン中', '001', 'true', '2', '1000', '0.05', '0.1', 'クーポン説明', '1000', '10000', '3', '対象店舗', '付与条件', '付与時期', '2025-06-01 09:00:00', '2025-06-30 09:00:00', '2025-06-01 18:00:00', '2025-06-30 18:00:00', 'Visa', 'https://pum_outer.com', 'その他', 'false', '2025-06-01 12:34:56', '2025-06-30 12:34:56', 'C002', 'U002');
INSERT INTO local.coupons(coupon_id, brand_id, group_id, coupon_name, content_type, coupon_type, label_text, situation, is_max, privilege_type, plivilege_point, funding_rate, commission_rate, description, threshold_price, privilege_limit, times_limit, shops, conditions_text, privilege_season, start_date, end_date, validity_start_date, validity_end_date, payment_method, pum_outer_url, other_text, is_deleted, created_at, updated_at, created_by, updated_by) VALUES ('couponId3', 'brandId3', 'groupId1', 'クーポン名', '01', '02', 'キャンペーン中', '001', 'true', '2', '1000', '0.05', '0.1', 'クーポン説明', '1000', '10000', '3', '対象店舗', '付与条件', '付与時期', '2025-06-01 09:00:00', '2025-06-30 09:00:00', '2025-06-01 18:00:00', '2025-06-30 18:00:00', 'Visa', 'https://pum_outer.com', 'その他', 'false', '2025-06-01 12:34:56', '2025-06-30 12:34:56', 'C003', 'U003');
-- 獲得クーポン
INSERT INTO local.captured_coupons(id, member_id, coupon_id, capture_type, capture_date, notified_date, is_deleted, created_at, updated_at, created_by, updated_by) VALUES ('1', 'memberId1', 'couponId1', '1', '2025-01-01 15:00:00', '2025-01-31 15:00:00', 'false', '2025-01-01 12:34:56', '2025-01-31 12:34:56', 'C001', 'U001');
INSERT INTO local.captured_coupons(id, member_id, coupon_id, capture_type, capture_date, notified_date, is_deleted, created_at, updated_at, created_by, updated_by) VALUES ('2', 'memberId1', 'couponId1', '2', '2025-02-01 15:00:00', '2025-02-28 15:00:00', 'true', '2025-02-01 12:34:56', '2025-02-28 12:34:56', 'C002', 'U002');
INSERT INTO local.captured_coupons(id, member_id, coupon_id, capture_type, capture_date, notified_date, is_deleted, created_at, updated_at, created_by, updated_by) VALUES ('3', 'memberId1', 'couponId1', '1', '2025-03-01 15:00:00', '2025-03-31 15:00:00', 'false', '2025-03-01 12:34:56', '2025-03-31 12:34:56', 'C003', 'U003');
INSERT INTO local.captured_coupons(id, member_id, coupon_id, capture_type, capture_date, notified_date, is_deleted, created_at, updated_at, created_by, updated_by) VALUES ('4', 'memberId1', 'couponId1', '2', '2025-04-01 15:00:00', '2025-04-30 15:00:00', 'true', '2025-04-01 12:34:56', '2025-04-30 12:34:56', 'C004', 'U004');
INSERT INTO local.captured_coupons(id, member_id, coupon_id, capture_type, capture_date, notified_date, is_deleted, created_at, updated_at, created_by, updated_by) VALUES ('5', 'memberId1', 'couponId1', '1', '2025-05-01 15:00:00', '2025-05-31 15:00:00', 'false', '2025-05-01 12:34:56', '2025-05-31 12:34:56', 'C005', 'U005');
INSERT INTO local.captured_coupons(id, member_id, coupon_id, capture_type, capture_date, notified_date, is_deleted, created_at, updated_at, created_by, updated_by) VALUES ('6', 'memberId1', 'couponId1', '2', '2025-06-01 15:00:00', '2025-06-30 15:00:00', 'true', '2025-06-01 12:34:56', '2025-06-30 12:34:56', 'C006', 'U006');
INSERT INTO local.captured_coupons(id, member_id, coupon_id, capture_type, capture_date, notified_date, is_deleted, created_at, updated_at, created_by, updated_by) VALUES ('7', 'memberId1', 'couponId1', '1', '2025-07-01 15:00:00', '2025-07-31 15:00:00', 'false', '2025-07-01 12:34:56', '2025-07-31 12:34:56', 'C007', 'U007');
INSERT INTO local.captured_coupons(id, member_id, coupon_id, capture_type, capture_date, notified_date, is_deleted, created_at, updated_at, created_by, updated_by) VALUES ('8', 'memberId1', 'couponId1', '2', '2025-08-01 15:00:00', '2025-08-31 15:00:00', 'true', '2025-08-01 12:34:56', '2025-08-31 12:34:56', 'C008', 'U008');
INSERT INTO local.captured_coupons(id, member_id, coupon_id, capture_type, capture_date, notified_date, is_deleted, created_at, updated_at, created_by, updated_by) VALUES ('9', 'memberId1', 'couponId1', '1', '2025-09-01 15:00:00', '2025-09-30 15:00:00', 'false', '2025-09-01 12:34:56', '2025-09-30 12:34:56', 'C009', 'U009');
INSERT INTO local.captured_coupons(id, member_id, coupon_id, capture_type, capture_date, notified_date, is_deleted, created_at, updated_at, created_by, updated_by) VALUES ('10', 'memberId1', 'couponId1', '2', '2025-10-01 15:00:00', '2025-10-31 15:00:00', 'true', '2025-10-01 12:34:56', '2025-10-31 12:34:56', 'C010', 'U010');
INSERT INTO local.captured_coupons(id, member_id, coupon_id, capture_type, capture_date, notified_date, is_deleted, created_at, updated_at, created_by, updated_by) VALUES ('11', 'memberId1', 'couponId1', '1', '2025-11-01 15:00:00', '2025-11-30 15:00:00', 'false', '2025-11-01 12:34:56', '2025-11-30 12:34:56', 'C011', 'U011');
INSERT INTO local.captured_coupons(id, member_id, coupon_id, capture_type, capture_date, notified_date, is_deleted, created_at, updated_at, created_by, updated_by) VALUES ('12', 'memberId1', 'couponId1', '2', '2025-12-01 15:00:00', '2025-12-31 15:00:00', 'true', '2025-12-01 12:34:56', '2025-12-31 12:34:56', 'C012', 'U012');
INSERT INTO local.captured_coupons(id, member_id, coupon_id, capture_type, capture_date, notified_date, is_deleted, created_at, updated_at, created_by, updated_by) VALUES ('13', 'memberId2', 'couponId1', '1', '2025-06-01 15:05:00', '2025-06-30 15:05:00', 'false', '2025-06-04 12:34:56', '2025-06-15 12:59:59', 'C013', 'U013');
INSERT INTO local.captured_coupons(id, member_id, coupon_id, capture_type, capture_date, notified_date, is_deleted, created_at, updated_at, created_by, updated_by) VALUES ('14', 'memberId2', 'couponId2', '2', '2025-06-01 15:15:00', '2025-06-30 15:15:00', 'true', '2025-06-08 12:34:56', '2025-06-15 13:00:00', 'C014', 'U014');
INSERT INTO local.captured_coupons(id, member_id, coupon_id, capture_type, capture_date, notified_date, is_deleted, created_at, updated_at, created_by, updated_by) VALUES ('15', 'memberId2', 'couponId3', '1', '2025-06-01 15:25:00', '2025-06-30 15:25:00', 'false', '2025-06-12 12:34:56', '2025-06-15 13:00:01', 'C015', 'U015');
INSERT INTO local.captured_coupons(id, member_id, coupon_id, capture_type, capture_date, notified_date, is_deleted, created_at, updated_at, created_by, updated_by) VALUES ('16', 'memberId3', 'couponId1', '2', '2025-06-01 15:35:00', '2025-06-30 15:35:00', 'true', '2025-06-16 12:34:56', '2025-06-30 12:59:59', 'C016', 'U016');
INSERT INTO local.captured_coupons(id, member_id, coupon_id, capture_type, capture_date, notified_date, is_deleted, created_at, updated_at, created_by, updated_by) VALUES ('17', 'memberId3', 'couponId2', '1', '2025-06-01 15:45:00', '2025-06-30 15:45:00', 'false', '2025-06-20 12:34:56', '2025-06-30 13:00:00', 'C017', 'U017');
INSERT INTO local.captured_coupons(id, member_id, coupon_id, capture_type, capture_date, notified_date, is_deleted, created_at, updated_at, created_by, updated_by) VALUES ('18', 'memberId3', 'couponId3', '2', '2025-06-01 15:55:00', '2025-06-30 15:55:00', 'true', '2025-06-24 12:34:56', '2025-06-30 13:00:01', 'C018', 'U018');
